{
  "project_info": {
    "project_number": "1094716596094",
    "firebase_url": "https://souschef-2678e.firebaseio.com",
    "project_id": "souschef-2678e",
    "storage_bucket": "souschef-2678e.appspot.com"
  },
  "client": [
    {
      "client_info": {
        "mobilesdk_app_id": "1:1094716596094:android:822d0f74b12061e3",
        "android_client_info": {
          "package_name": "com.vajra.souschef"
        }
      },
      "oauth_client": [
        {
          "client_id": "1094716596094-not0b0s5ghld0im9q6aukn5ft03408lp.apps.googleusercontent.com",
          "client_type": 1,
          "android_info": {
            "package_name": "com.vajra.souschef",
            "certificate_hash": "4e9ba573ba6dc1ce4873cb019784b87b8d35b6e1"
          }
        },
        {
          "client_id": "1094716596094-rdlqlks5c88tn995p18o4bc7p39gdjiq.apps.googleusercontent.com",
          "client_type": 3
        }
      ],
      "api_key": [
        {
          "current_key": "AIzaSyDdrq9tQOhyftEWasURSncaj5gLx0oGR6k"
        }
      ],
      "services": {
        "appinvite_service": {
          "other_platform_oauth_client": [
            {
              "client_id": "1094716596094-rdlqlks5c88tn995p18o4bc7p39gdjiq.apps.googleusercontent.com",
              "client_type": 3
            }
          ]
        }
      }
    }
  ],
  "configuration_version": "1"
}